Country,admin0Name_en,admin1Pcode,admin1Name_en,admin2Pcode,Admin2Name_en,T_TL
Somalia,Somalia,SO11,Awdal,SO1101,Borama,398609
Somalia,Somalia,SO11,Awdal,SO1102,Baki,96885
Somalia,Somalia,SO11,Awdal,SO1103,Lughaye,100819
Somalia,Somalia,SO11,Awdal,SO1104,Zeylac,76951
Somalia,Somalia,SO12,Woqooyi Galbeed,SO1201,Hargeysa,959081
Somalia,Somalia,SO12,Woqooyi Galbeed,SO1202,Berbera,176008
Somalia,Somalia,SO12,Woqooyi Galbeed,SO1203,Gebiley,106914
Somalia,Somalia,SO13,Togdheer,SO1301,Burco,460354
Somalia,Somalia,SO13,Togdheer,SO1302,Buuhoodle,83747
Somalia,Somalia,SO13,Togdheer,SO1303,Owdweyne,101358
Somalia,Somalia,SO13,Togdheer,SO1304,Sheikh,75904
Somalia,Somalia,SO14,Sool,SO1401,Laas Caanood,156438
Somalia,Somalia,SO14,Sool,SO1402,Caynabo,59080
Somalia,Somalia,SO14,Sool,SO1403,Taleex,73529
Somalia,Somalia,SO14,Sool,SO1404,Xudun,38380
Somalia,Somalia,SO15,Sanaag,SO1501,Ceerigaabo,205318
Somalia,Somalia,SO15,Sanaag,SO1502,Ceel Afweyn,99950
Somalia,Somalia,SO15,Sanaag,SO1503,Laasqoray,238855
Somalia,Somalia,SO16,Bari,SO1601,Bossaso,469566
Somalia,Somalia,SO16,Bari,SO1602,Bandarbayla,15481
Somalia,Somalia,SO16,Bari,SO1603,Caluula,48986
Somalia,Somalia,SO16,Bari,SO1604,Iskushuban,58415
Somalia,Somalia,SO16,Bari,SO1605,Qandala,52111
Somalia,Somalia,SO16,Bari,SO1606,Qardho,85588
Somalia,Somalia,SO17,Nugaal,SO1701,Garoowe,246702
Somalia,Somalia,SO17,Nugaal,SO1702,Burtinle,64963
Somalia,Somalia,SO17,Nugaal,SO1703,Eyl,81032
Somalia,Somalia,SO18,Mudug,SO1801,Gaalkacyo,389194
Somalia,Somalia,SO18,Mudug,SO1802,Galdogob,79595
Somalia,Somalia,SO18,Mudug,SO1803,Hobyo,115222
Somalia,Somalia,SO18,Mudug,SO1804,Jariiban,81890
Somalia,Somalia,SO18,Mudug,SO1805,Xarardheere,51961
Somalia,Somalia,SO19,Galgaduud,SO1901,Dhuusamarreeb,144407
Somalia,Somalia,SO19,Galgaduud,SO1902,Cabudwaaq,101959
Somalia,Somalia,SO19,Galgaduud,SO1903,Cadaado,129588
Somalia,Somalia,SO19,Galgaduud,SO1904,Ceel Buur,83610
Somalia,Somalia,SO19,Galgaduud,SO1905,Ceel Dheer,109870
Somalia,Somalia,SO20,Hiraan,SO2001,Belet Weyne,235214
Somalia,Somalia,SO20,Hiraan,SO2002,Bulo Burto,138283
Somalia,Somalia,SO20,Hiraan,SO2003,Jalalaqsi,147189
Somalia,Somalia,SO21,Middle Shabelle,SO2101,Jowhar,179097
Somalia,Somalia,SO21,Middle Shabelle,SO2102,Adan Yabaal,37781
Somalia,Somalia,SO21,Middle Shabelle,SO2103,Balcad,212261
Somalia,Somalia,SO21,Middle Shabelle,SO2104,Cadale,86896
Somalia,Somalia,SO22,Banadir,SO2201,Banadir,1650228
Somalia,Somalia,SO23,Lower Shabelle,SO2301,Marka,198301
Somalia,Somalia,SO23,Lower Shabelle,SO2302,Afgooye,238655
Somalia,Somalia,SO23,Lower Shabelle,SO2303,Baraawe,74072
Somalia,Somalia,SO23,Lower Shabelle,SO2304,Kurtunwaarey,262317
Somalia,Somalia,SO23,Lower Shabelle,SO2305,Qoryooley,292392
Somalia,Somalia,SO23,Lower Shabelle,SO2306,Sablaale,23447
Somalia,Somalia,SO23,Lower Shabelle,SO2307,Wanla Weyn,113035
Somalia,Somalia,SO24,Bay,SO2401,Baidoa,315679
Somalia,Somalia,SO24,Bay,SO2402,Buur Hakaba,197198
Somalia,Somalia,SO24,Bay,SO2403,Diinsoor,174932
Somalia,Somalia,SO24,Bay,SO2404,Qansax Dheere,104373
Somalia,Somalia,SO25,Bakool,SO2501,Xudur,108902
Somalia,Somalia,SO25,Bakool,SO2502,Ceel Barde,59129
Somalia,Somalia,SO25,Bakool,SO2503,Tayeeglow,73675
Somalia,Somalia,SO25,Bakool,SO2504,Waajid,87869
Somalia,Somalia,SO25,Bakool,SO2505,Rab Dhuure,37652
Somalia,Somalia,SO26,Gedo,SO2601,Garbahaarey,76952
Somalia,Somalia,SO26,Gedo,SO2602,Baardheere,177384
Somalia,Somalia,SO26,Gedo,SO2603,Belet Xaawo,83116
Somalia,Somalia,SO26,Gedo,SO2604,Ceel Waaq,60046
Somalia,Somalia,SO26,Gedo,SO2605,Doolow,41245
Somalia,Somalia,SO26,Gedo,SO2606,Luuq,69660
Somalia,Somalia,SO27,Middle Juba,SO2701,Bu'aale,108986
Somalia,Somalia,SO27,Middle Juba,SO2702,Jilib ,174819
Somalia,Somalia,SO27,Middle Juba,SO2703,Saakow,79116
Somalia,Somalia,SO28,Lower Juba,SO2801,Kismaayo,162733
Somalia,Somalia,SO28,Lower Juba,SO2802,Afmadow,172485
Somalia,Somalia,SO28,Lower Juba,SO2803,Badhaadhe,56178
Somalia,Somalia,SO28,Lower Juba,SO2804,Jamaame,97911
Mali,Mali,ML08,Kidal,ML0801,Abeibara,12690
Mali,Mali,ML07,Gao,ML0701,Ansongo,162637
Mali,Mali,ML01,Kayes,ML0101,Bafoulabe,287979
Mali,Mali,ML09,Bamako,ML0901,Bamako,2231344
Mali,Mali,ML02,Koulikoro,ML0201,Banamba,235421
Mali,Mali,ML05,Mopti,ML0501,Bandiagara,386346
Mali,Mali,ML05,Mopti,ML0502,Bankass,326346
Mali,Mali,ML04,Ségou,ML0401,Baraouéli,250040
Mali,Mali,ML04,Ségou,ML0402,Bla,349644
Mali,Mali,ML03,Sikasso,ML0301,Bougouni,565175
Mali,Mali,ML07,Gao,ML0702,Bourem,143418
Mali,Mali,ML01,Kayes,ML0102,Diéma,261017
Mali,Mali,ML02,Koulikoro,ML0202,Dioila,602633
Mali,Mali,ML06,Tombouctou,ML0601,Diré,135161
Mali,Mali,ML05,Mopti,ML0503,Djenné,256877
Mali,Mali,ML05,Mopti,ML0504,Douentza,303974
Mali,Mali,ML07,Gao,ML0703,Gao,295236
Mali,Mali,ML06,Tombouctou,ML0602,Goundam,186519
Mali,Mali,ML06,Tombouctou,ML0603,Gourma-Rharous,136852
Mali,Mali,ML03,Sikasso,ML0302,Kadiolo,300013
Mali,Mali,ML02,Koulikoro,ML0203,Kangaba,123744
Mali,Mali,ML02,Koulikoro,ML0204,Kati,1179233
Mali,Mali,ML01,Kayes,ML0103,Kayes,632503
Mali,Mali,ML01,Kayes,ML0104,Kéniéba,242871
Mali,Mali,ML08,Kidal,ML0802,Kidal,41248
Mali,Mali,ML01,Kayes,ML0105,Kita,533110
Mali,Mali,ML02,Koulikoro,ML0205,Kolokani,286565
Mali,Mali,ML03,Sikasso,ML0303,Kolondieba,248309
Mali,Mali,ML05,Mopti,ML0505,Koro,446902
Mali,Mali,ML02,Koulikoro,ML0206,Koulikoro,259586
Mali,Mali,ML03,Sikasso,ML0304,Koutiala,715430
Mali,Mali,ML04,Ségou,ML0403,Macina,290974
Mali,Mali,ML07,Gao,ML0704,Ménaka,67119
Mali,Mali,ML05,Mopti,ML0506,Mopti,454689
Mali,Mali,ML02,Koulikoro,ML0207,Nara,298156
Mali,Mali,ML06,Tombouctou,ML0604,Niafunké,216239
Mali,Mali,ML04,Ségou,ML0404,Niono,449717
Mali,Mali,ML01,Kayes,ML0106,Nioro,282160
Mali,Mali,ML04,Ségou,ML0405,San,411190
Mali,Mali,ML04,Ségou,ML0406,Ségou,857987
Mali,Mali,ML03,Sikasso,ML0305,Sikasso,905895
Mali,Mali,ML05,Mopti,ML0507,Ténenkou,200810
Mali,Mali,ML08,Kidal,ML0803,Tessalit,19665
Mali,Mali,ML08,Kidal,ML0804,Tin-Essako,9887
Mali,Mali,ML06,Tombouctou,ML0605,Tombouctou,156936
Mali,Mali,ML04,Ségou,ML0407,Tominian,272550
Mali,Mali,ML03,Sikasso,ML0306,Yanfolila,262182
Mali,Mali,ML01,Kayes,ML0107,Yélimané,217564
Mali,Mali,ML03,Sikasso,ML0307,Yorosso,260812
Mali,Mali,ML05,Mopti,ML0508,Youwarou,133759
CAR,CAR,CF22,Nana Mambéré,CF224,Abba,28016
CAR,CAR,CF61,Basse Kotto,CF612,Alindao,82154
CAR,CAR,CF21,Mambéré Kadéi,CF214,Amada-Gaza,21595
CAR,CAR,CF22,Nana Mambéré,CF223,Baboua,66238
CAR,CAR,CF43,Ouaka,CF432,Bakala,10285
CAR,CAR,CF62,Mbomou,CF625,Bakouma,27121
CAR,CAR,CF43,Ouaka,CF431,Bambari,147367
CAR,CAR,CF23,Sangha Mbaéré,CF232,Bambio,13915
CAR,CAR,CF63,Haut Mbomou,CF632,Bambouti,894
CAR,CAR,CF51,Bamingui Bangoran,CF512,Bamingui,8418
CAR,CAR,CF62,Mbomou,CF621,Bangassou,81636
CAR,CAR,CF71,Bangui,CF711,Bangui,15716
CAR,CAR,CF71,Bangui,CF711,Bangui,823365
CAR,CAR,CF22,Nana Mambéré,CF222,Baoro,45029
CAR,CAR,CF32,Ouham,CF326,Batangafo,79219
CAR,CAR,CF23,Sangha Mbaéré,CF233,Bayanga,12318
CAR,CAR,CF21,Mambéré Kadéi,CF211,Berbérati,174015
CAR,CAR,CF11,Ombella M'Poko,CF111,Bimbo,276042
CAR,CAR,CF53,Vakaga,CF531,Birao,60750
CAR,CAR,CF11,Ombella M'Poko,CF114,Boali,30670
CAR,CAR,CF31,Ouham Péndé,CF312,Bocaranga,101937
CAR,CAR,CF12,Lobaye,CF123,Boda,59411
CAR,CAR,CF12,Lobaye,CF125,Boganangone,33391
CAR,CAR,CF12,Lobaye,CF124,Boganda,15947
CAR,CAR,CF11,Ombella M'Poko,CF113,Bogangolo,9250
CAR,CAR,CF32,Ouham,CF321,Bossangoa,156466
CAR,CAR,CF11,Ombella M'Poko,CF115,Bossembélé,41367
CAR,CAR,CF31,Ouham Péndé,CF316,Bossemtélé,22659
CAR,CAR,CF22,Nana Mambéré,CF221,Bouar,154476
CAR,CAR,CF32,Ouham,CF325,Bouca,68949
CAR,CAR,CF31,Ouham Péndé,CF311,Bozoum,65876
CAR,CAR,CF52,Haute Kotto,CF521,Bria,88095
CAR,CAR,CF21,Mambéré Kadéi,CF213,Carnot,116569
CAR,CAR,CF11,Ombella M'Poko,CF112,Damara,35887
CAR,CAR,CF21,Mambéré Kadéi,CF216,Dédé Mokoumba,24926
CAR,CAR,CF41,Kémo,CF412,Dékoa,45128
CAR,CAR,CF63,Haut Mbomou,CF634,Djemah,2322
CAR,CAR,CF21,Mambéré Kadéi,CF217,Gadzi,67711
CAR,CAR,CF62,Mbomou,CF623,Gambo,25678
CAR,CAR,CF21,Mambéré Kadéi,CF212,Gamboula,37291
CAR,CAR,CF43,Ouaka,CF433,Grimari,48275
CAR,CAR,CF43,Ouaka,CF435,Ippy,53147
CAR,CAR,CF32,Ouham,CF327,Kabo,50657
CAR,CAR,CF42,Nana Gribizi,CF421,Kaga-Bandoro,121509
CAR,CAR,CF61,Basse Kotto,CF613,Kembé,47125
CAR,CAR,CF43,Ouaka,CF434,Kouango,88799
CAR,CAR,CF31,Ouham Péndé,CF313,Koui,37235
CAR,CAR,CF41,Kémo,CF413,Mala,17845
CAR,CAR,CF32,Ouham,CF323,Markounda,22873
CAR,CAR,CF12,Lobaye,CF121,Mbaïki,175224
CAR,CAR,CF42,Nana Gribizi,CF422,Mbrès,26606
CAR,CAR,CF61,Basse Kotto,CF614,Mingala,35559
CAR,CAR,CF61,Basse Kotto,CF611,Mobaye,73991
CAR,CAR,CF12,Lobaye,CF122,Moungoumba,26392
CAR,CAR,CF32,Ouham,CF322,Nana Bakassa,58138
CAR,CAR,CF32,Ouham,CF324,Nangha Boguila,27873
CAR,CAR,CF51,Bamingui Bangoran,CF511,Ndélé,45928
CAR,CAR,CF41,Kémo,CF414,Ndjoukou,35819
CAR,CAR,CF31,Ouham Péndé,CF315,Ngaoundaye,114096
CAR,CAR,CF23,Sangha Mbaéré,CF231,Nola,100834
CAR,CAR,CF63,Haut Mbomou,CF631,Obo,41384
CAR,CAR,CF52,Haute Kotto,CF522,Ouadda,19234
CAR,CAR,CF53,Vakaga,CF532,Ouanda-Djallé,4944
CAR,CAR,CF62,Mbomou,CF622,Ouango,53813
CAR,CAR,CF31,Ouham Péndé,CF314,Paoua,199418
CAR,CAR,CF62,Mbomou,CF624,Rafaï,17940
CAR,CAR,CF61,Basse Kotto,CF616,Satéma,28867
CAR,CAR,CF41,Kémo,CF411,Sibut,50082
CAR,CAR,CF21,Mambéré Kadéi,CF215,Sosso-Nakombo,16506
CAR,CAR,CF52,Haute Kotto,CF523,Yalinga,6214
CAR,CAR,CF11,Ombella M'Poko,CF116,Yaloké,55249
CAR,CAR,CF61,Basse Kotto,CF615,Zangba,45530
CAR,CAR,CF63,Haut Mbomou,CF633,Zémio,27816
